{"cameraMode":{"drawMode":0,"name":"Shaded","section":"Shading Mode"},"sceneLighting":true,"audioPlay":false,"sceneViewState":{"showFog":true,"showMaterialUpdate":false,"showSkybox":true,"showFlares":true,"showImageEffects":true,"showParticleSystems":true},"in2DMode":false,"pivot":{"x":-2.0753374099731447,"y":2.0965335369110109,"z":-2.7558987140655519},"rotation":{"x":0.39887765049934389,"y":-0.052224863320589069,"z":0.022760694846510888,"w":0.9152332544326782},"size":2.6545164585113527,"orthographic":false}